<?xml version="1.0" encoding="UTF-8" ?>
<XMLDB PATH="mod/bigbluebuttonbn/db" VERSION="20220603" COMMENT="XMLDB file for Moodle mod/bigbluebuttonbn"
    xmlns:xsi="http://www.w3.org/2001/XMLSchema-instance"
    xsi:noNamespaceSchemaLocation="../../../lib/xmldb/xmldb.xsd"
>
  <TABLES>
    <TABLE NAME="bigbluebuttonbn" COMMENT="The bigbluebuttonbn table to store information about a meeting activities.">
      <FIELDS>
        <FIELD NAME="id" TYPE="int" LENGTH="10" NOTNULL="true" SEQUENCE="true"/>
        <FIELD NAME="type" TYPE="int" LENGTH="2" NOTNULL="true" DEFAULT="0" SEQUENCE="false"/>
        <FIELD NAME="course" TYPE="int" LENGTH="10" NOTNULL="true" DEFAULT="0" SEQUENCE="false"/>
        <FIELD NAME="name" TYPE="char" LENGTH="255" NOTNULL="true" SEQUENCE="false"/>
        <FIELD NAME="intro" TYPE="text" NOTNULL="false" SEQUENCE="false"/>
        <FIELD NAME="introformat" TYPE="int" LENGTH="4" NOTNULL="true" DEFAULT="1" SEQUENCE="false"/>
        <FIELD NAME="meetingid" TYPE="char" LENGTH="255" NOTNULL="true" SEQUENCE="false"/>
        <FIELD NAME="moderatorpass" TYPE="char" LENGTH="255" NOTNULL="true" SEQUENCE="false"/>
        <FIELD NAME="viewerpass" TYPE="char" LENGTH="255" NOTNULL="true" SEQUENCE="false"/>
        <FIELD NAME="wait" TYPE="int" LENGTH="1" NOTNULL="true" DEFAULT="0" SEQUENCE="false"/>
        <FIELD NAME="record" TYPE="int" LENGTH="1" NOTNULL="true" DEFAULT="0" SEQUENCE="false"/>
        <FIELD NAME="recordallfromstart" TYPE="int" LENGTH="1" NOTNULL="true" DEFAULT="0" SEQUENCE="false"/>
        <FIELD NAME="recordhidebutton" TYPE="int" LENGTH="1" NOTNULL="true" DEFAULT="0" SEQUENCE="false"/>
        <FIELD NAME="welcome" TYPE="text" NOTNULL="false" SEQUENCE="false"/>
        <FIELD NAME="voicebridge" TYPE="int" LENGTH="5" NOTNULL="true" DEFAULT="0" SEQUENCE="false"/>
        <FIELD NAME="openingtime" TYPE="int" LENGTH="10" NOTNULL="true" DEFAULT="0" SEQUENCE="false"/>
        <FIELD NAME="closingtime" TYPE="int" LENGTH="10" NOTNULL="true" DEFAULT="0" SEQUENCE="false"/>
        <FIELD NAME="timecreated" TYPE="int" LENGTH="10" NOTNULL="true" DEFAULT="0" SEQUENCE="false"/>
        <FIELD NAME="timemodified" TYPE="int" LENGTH="10" NOTNULL="true" DEFAULT="0" SEQUENCE="false"/>
        <FIELD NAME="presentation" TYPE="text" NOTNULL="false" SEQUENCE="false"/>
        <FIELD NAME="participants" TYPE="text" NOTNULL="false" SEQUENCE="false"/>
        <FIELD NAME="userlimit" TYPE="int" LENGTH="3" NOTNULL="true" DEFAULT="0" SEQUENCE="false"/>
        <FIELD NAME="recordings_html" TYPE="int" LENGTH="1" NOTNULL="true" DEFAULT="0" SEQUENCE="false"/>
        <FIELD NAME="recordings_imported" TYPE="int" LENGTH="1" NOTNULL="true" DEFAULT="0" SEQUENCE="false"/>
        <FIELD NAME="recordings_preview" TYPE="int" LENGTH="1" NOTNULL="true" DEFAULT="0" SEQUENCE="false"/>
        <FIELD NAME="clienttype" TYPE="int" LENGTH="1" NOTNULL="true" DEFAULT="0" SEQUENCE="false"/>
        <FIELD NAME="muteonstart" TYPE="int" LENGTH="1" NOTNULL="true" DEFAULT="0" SEQUENCE="false"/>
        <FIELD NAME="disablecam" TYPE="int" LENGTH="1" NOTNULL="true" DEFAULT="0" SEQUENCE="false"/>
        <FIELD NAME="disablemic" TYPE="int" LENGTH="1" NOTNULL="true" DEFAULT="0" SEQUENCE="false"/>
        <FIELD NAME="disableprivatechat" TYPE="int" LENGTH="1" NOTNULL="true" DEFAULT="0" SEQUENCE="false"/>
        <FIELD NAME="disablepublicchat" TYPE="int" LENGTH="1" NOTNULL="true" DEFAULT="0" SEQUENCE="false"/>
        <FIELD NAME="disablenote" TYPE="int" LENGTH="1" NOTNULL="true" DEFAULT="0" SEQUENCE="false"/>
        <FIELD NAME="hideuserlist" TYPE="int" LENGTH="1" NOTNULL="true" DEFAULT="0" SEQUENCE="false"/>
        <FIELD NAME="lockedlayout" TYPE="int" LENGTH="1" NOTNULL="true" DEFAULT="0" SEQUENCE="false"/>
        <FIELD NAME="lockonjoin" TYPE="int" LENGTH="1" NOTNULL="true" DEFAULT="0" SEQUENCE="false"/>
        <FIELD NAME="lockonjoinconfigurable" TYPE="int" LENGTH="1" NOTNULL="true" DEFAULT="0" SEQUENCE="false"/>
        <FIELD NAME="completionattendance" TYPE="int" LENGTH="9" NOTNULL="true" DEFAULT="0" SEQUENCE="false" COMMENT="Nonzero if a certain number of minutes in the meeting are required to mark an activity completed for a user."/>
        <FIELD NAME="completionengagementchats" TYPE="int" LENGTH="9" NOTNULL="true" DEFAULT="0" SEQUENCE="false" COMMENT="Nonzero if chat during the meeting is required to mark an activity completed for a user."/>
        <FIELD NAME="completionengagementtalks" TYPE="int" LENGTH="9" NOTNULL="true" DEFAULT="0" SEQUENCE="false" COMMENT="Nonzero if talking during the meeting is required to mark an activity completed for a user."/>
        <FIELD NAME="completionengagementraisehand" TYPE="int" LENGTH="9" NOTNULL="true" DEFAULT="0" SEQUENCE="false" COMMENT="Nonzero if raising hand during the meeting is required to mark an activity completed for a user."/>
        <FIELD NAME="completionengagementpollvotes" TYPE="int" LENGTH="9" NOTNULL="true" DEFAULT="0" SEQUENCE="false" COMMENT="Nonzero if poll voting during the meeting is required to mark an activity completed for a user."/>
        <FIELD NAME="completionengagementemojis" TYPE="int" LENGTH="9" NOTNULL="true" DEFAULT="0" SEQUENCE="false" COMMENT="Nonzero if the use of emojis during the meeting is required to mark an activity completed for a user."/>
      </FIELDS>
      <KEYS>
        <KEY NAME="primary" TYPE="primary" FIELDS="id"/>
      </KEYS>
    </TABLE>
    <TABLE NAME="bigbluebuttonbn_logs" COMMENT="The bigbluebuttonbn table to store meeting activity events">
      <FIELDS>
        <FIELD NAME="id" TYPE="int" LENGTH="10" NOTNULL="true" SEQUENCE="true"/>
        <FIELD NAME="courseid" TYPE="int" LENGTH="10" NOTNULL="true" SEQUENCE="false"/>
        <FIELD NAME="bigbluebuttonbnid" TYPE="int" LENGTH="10" NOTNULL="true" SEQUENCE="false"/>
        <FIELD NAME="userid" TYPE="int" LENGTH="10" NOTNULL="false" SEQUENCE="false"/>
        <FIELD NAME="timecreated" TYPE="int" LENGTH="10" NOTNULL="true" DEFAULT="0" SEQUENCE="false"/>
        <FIELD NAME="meetingid" TYPE="char" LENGTH="256" NOTNULL="true" SEQUENCE="false"/>
        <FIELD NAME="log" TYPE="char" LENGTH="32" NOTNULL="true" SEQUENCE="false"/>
        <FIELD NAME="meta" TYPE="text" NOTNULL="false" SEQUENCE="false"/>
      </FIELDS>
      <KEYS>
        <KEY NAME="primary" TYPE="primary" FIELDS="id"/>
      </KEYS>
      <INDEXES>
        <INDEX NAME="courseid" UNIQUE="false" FIELDS="courseid"/>
        <INDEX NAME="log" UNIQUE="false" FIELDS="log"/>
        <INDEX NAME="logrow" UNIQUE="false" FIELDS="courseid, bigbluebuttonbnid, userid, log"/>
        <INDEX NAME="userlog" UNIQUE="false" FIELDS="userid, log"/>
      </INDEXES>
    </TABLE>
    <TABLE NAME="bigbluebuttonbn_recordings" COMMENT="The bigbluebuttonbn table to store references to recordings">
      <FIELDS>
        <FIELD NAME="id" TYPE="int" LENGTH="10" NOTNULL="true" SEQUENCE="true"/>
        <FIELD NAME="courseid" TYPE="int" LENGTH="10" NOTNULL="true" SEQUENCE="false"/>
        <FIELD NAME="bigbluebuttonbnid" TYPE="int" LENGTH="10" NOTNULL="true" SEQUENCE="false"/>
        <FIELD NAME="groupid" TYPE="int" LENGTH="10" NOTNULL="false" SEQUENCE="false"/>
        <FIELD NAME="recordingid" TYPE="char" LENGTH="64" NOTNULL="true" SEQUENCE="false"/>
        <FIELD NAME="headless" TYPE="int" LENGTH="1" NOTNULL="true" DEFAULT="0" SEQUENCE="false"/>
        <FIELD NAME="imported" TYPE="int" LENGTH="1" NOTNULL="true" DEFAULT="0" SEQUENCE="false"/>
        <FIELD NAME="status" TYPE="int" LENGTH="1" NOTNULL="true" DEFAULT="0" SEQUENCE="false"/>
        <FIELD NAME="importeddata" TYPE="text" NOTNULL="false" SEQUENCE="false" COMMENT="This is the remote recording data stored as json and kept for future reference."/>
        <FIELD NAME="timecreated" TYPE="int" LENGTH="10" NOTNULL="true" DEFAULT="0" SEQUENCE="false"/>
        <FIELD NAME="usermodified" TYPE="int" LENGTH="10" NOTNULL="true" DEFAULT="0" SEQUENCE="false"/>
        <FIELD NAME="timemodified" TYPE="int" LENGTH="10" NOTNULL="true" DEFAULT="0" SEQUENCE="false"/>
      </FIELDS>
      <KEYS>
        <KEY NAME="primary" TYPE="primary" FIELDS="id"/>
        <KEY NAME="fk_bigbluebuttonbnid" TYPE="foreign" FIELDS="bigbluebuttonbnid" REFTABLE="bigbluebuttonbn" REFFIELDS="id"/>
        <KEY NAME="usermodified" TYPE="foreign" FIELDS="usermodified" REFTABLE="user" REFFIELDS="id"/>
      </KEYS>
      <INDEXES>
        <INDEX NAME="courseid" UNIQUE="false" FIELDS="courseid"/>
        <INDEX NAME="recordingid" UNIQUE="false" FIELDS="recordingid"/>
      </INDEXES>
    </TABLE>
  </TABLES>
</XMLDB>
