<?xml version="1.0"?>
<libraries>
    <library>
        <location>integration</location>
        <name>MathType Web Integration PHP library</name>
        <version>8.3.0</version>
        <license>GPL</license>
        <licenseversion>3.0+</licenseversion>
    </library>
    <library>
        <location>render</location>
        <name>MathType Web Integration JavaScript SDK</name>
        <version>8.3.1</version>
        <license>GPL</license>
        <licenseversion>3.0+</licenseversion>
    </library>
</libraries>
